{
  "saliency": {
    "feature_importance": [
      0.9080291970802921,
      0.8277372262773723,
      1.0,
      0.821897810218978,
      0.832116788321168,
      0.8072992700729927,
      0.7737226277372262,
      0.7722627737226277,
      0.7708029197080292,
      0.7708029197080292,
      0.7708029197080292,
      0.7708029197080292,
      0.7708029197080292,
      0.7708029197080292,
      0.7708029197080292,
      0.7708029197080292,
      0.7708029197080292,
      0.7708029197080292,
      0.7708029197080292,
      0.7708029197080292,
      0.7708029197080292,
      0.7722627737226277,
      0.7708029197080292
    ],
    "feature_names": [
      "cpu_util",
      "mem_util",
      "replicas_ratio",
      "pending_pods",
      "request_rate",
      "traffic_velocity",
      "p99_latency",
      "per_pod_capacity",
      "queue_depth",
      "node0_cpu_avail",
      "node0_mem_avail",
      "node0_pod_count",
      "node1_cpu_avail",
      "node1_mem_avail",
      "node1_pod_count",
      "node2_cpu_avail",
      "node2_mem_avail",
      "node2_pod_count",
      "time_sin",
      "time_cos",
      "cost_rate",
      "prev_cpu_util",
      "traffic_accel"
    ],
    "feature_groups": [
      "Resource",
      "Resource",
      "Replica State",
      "Replica State",
      "Traffic",
      "Traffic",
      "Latency",
      "Resource",
      "Latency",
      "Infrastructure",
      "Infrastructure",
      "Infrastructure",
      "Infrastructure",
      "Infrastructure",
      "Infrastructure",
      "Infrastructure",
      "Infrastructure",
      "Infrastructure",
      "Temporal",
      "Temporal",
      "Cost",
      "Resource",
      "Traffic"
    ],
    "n_samples": 840,
    "perturbation": 0.1
  },
  "group_importance": {
    "Replica State": 0.910948905109489,
    "Resource": 0.82007299270073,
    "Traffic": 0.8034063260340633,
    "Latency": 0.7722627737226277,
    "Infrastructure": 0.7708029197080292,
    "Temporal": 0.7708029197080292,
    "Cost": 0.7708029197080292
  }
}